{
    "function": "bin.tabpfnv2_finetune.main",
    "gpus": [
        "NVIDIA A100-SXM4-80GB"
    ],
    "n_parameters": 7243978,
    "scores": {
        "train": 0.9972020145495244,
        "val": 0.8,
        "test": 0.8286778398510242
    },
    "time": "0:00:20.510794"
}
