{
    "function": "bin.ensemble.main",
    "gpus": [
        "NVIDIA A100-SXM4-80GB"
    ],
    "scores": {
        "val": 0.8608695652173913,
        "test": 0.7988826815642458
    }
}
