{
    "function": "bin.tabpfnv2_finetune.main",
    "gpus": [
        "NVIDIA A100-SXM4-80GB"
    ],
    "n_parameters": 11081288,
    "scores": {
        "train": -1.3350753232873072,
        "val": -2.454785119342876,
        "test": -2.5162361303061864
    },
    "time": "0:06:07.655111"
}
