{
    "function": "bin.tabpfnv2_finetune.main",
    "gpus": [
        "NVIDIA A100-SXM4-80GB"
    ],
    "n_parameters": 7243978,
    "scores": {
        "train": 0.8346839546191248,
        "val": 0.8298319327731093,
        "test": 0.7947794779477948
    },
    "time": "0:00:57.755504"
}
