{
    "function": "bin.tabpfnv2_finetune.main",
    "gpus": [
        "NVIDIA A100-SXM4-80GB"
    ],
    "config": {
        "seed": 4,
        "patience": 16,
        "amp": true,
        "n_epochs": -1,
        "batch_size": 1,
        "epoch_size": 10,
        "seq_len_pred": 1024,
        "finetune_mode": "full",
        "model": {
            "untie_pos_embeddings": false,
            "untie_value_embeddings": false,
            "target_transform": "power",
            "tabpfn_config": {
                "nhead": 6,
                "emsize": 192,
                "nlayers": 12,
                "nhid_factor": 4
            },
            "num_embeddings": {
                "type": "LinearEmbeddings"
            }
        },
        "data": {
            "seed": 0,
            "num_policy": "noisy-quantile",
            "cache": true,
            "path": ":data/regression-num-medium-0-medical_charges",
            "old": true
        },
        "optimizer": {
            "type": "AdamW",
            "lr": 2.320794010302052e-05,
            "weight_decay": 0.0
        }
    },
    "n_parameters": 11081288,
    "prediction_type": "labels",
    "metrics": {
        "train": {
            "rmse": 0.07876086450083347,
            "mae": 0.04913513362407684,
            "r2": 0.9801942706108093,
            "score": -0.07876086450083347
        },
        "val": {
            "rmse": 0.08160478281977535,
            "mae": 0.04966357350349426,
            "r2": 0.9792606830596924,
            "score": -0.08160478281977535
        },
        "test": {
            "rmse": 0.08082311365427472,
            "mae": 0.04929003491997719,
            "r2": 0.9797048568725586,
            "score": -0.08082311365427472
        }
    },
    "zero-shot-metrics": {
        "val": {
            "rmse": 0.08205185075211324,
            "mae": 0.04939204826951027,
            "r2": 0.9790328145027161,
            "score": -0.08205185075211324
        },
        "test": {
            "rmse": 0.08123211801427202,
            "mae": 0.04895956069231033,
            "r2": 0.9794989228248596,
            "score": -0.08123211801427202
        }
    },
    "train": {
        "metrics": {
            "val": {
                "rmse": 0.0816121921126117,
                "mae": 0.04965626075863838,
                "r2": 0.9792568683624268,
                "score": -0.0816121921126117
            },
            "train": {}
        },
        "best_step": 20
    },
    "time": "0:01:46.437802",
    "chunk_size": null,
    "eval_batch_size": 4096
}
