{
    "function": "bin.tabpfnv2_finetune.main",
    "gpus": [
        "NVIDIA A100-SXM4-80GB"
    ],
    "n_parameters": 7243978,
    "scores": {
        "train": 0.8446785521339817,
        "val": 0.8235294117647058,
        "test": 0.7916291629162916
    },
    "time": "0:01:16.784465"
}
