{
    "function": "bin.tabpfnv2_finetune.main",
    "gpus": [
        "NVIDIA A100-SXM4-80GB"
    ],
    "n_parameters": 7243978,
    "scores": {
        "train": 0.9896396396396396,
        "val": 0.8771929824561403,
        "test": 0.8950524737631185
    },
    "time": "0:00:20.926325"
}
