{
    "function": "bin.tabpfnv2_finetune.main",
    "gpus": [
        "NVIDIA A100-SXM4-80GB"
    ],
    "n_parameters": 11081288,
    "scores": {
        "train": -0.14547402674511184,
        "val": -0.5976411156826253,
        "test": -0.6130488009840034
    },
    "time": "0:01:04.310188"
}
