{
    "function": "bin.tabpfnv2_finetune.main",
    "gpus": [
        "NVIDIA A100-SXM4-80GB"
    ],
    "n_parameters": 11081288,
    "scores": {
        "train": -0.07834035873719346,
        "val": -0.0814870768434691,
        "test": -0.08078683407278266
    },
    "time": "0:01:36.835143"
}
