{
    "function": "bin.tabpfnv2_finetune.main",
    "gpus": [
        "NVIDIA A100-SXM4-80GB"
    ],
    "config": {
        "seed": 4,
        "patience": 16,
        "amp": true,
        "n_epochs": -1,
        "batch_size": 1,
        "epoch_size": 10,
        "seq_len_pred": 512,
        "finetune_mode": "full",
        "model": {
            "untie_pos_embeddings": false,
            "untie_value_embeddings": false,
            "tabpfn_config": {
                "nhead": 6,
                "emsize": 192,
                "nlayers": 12,
                "nhid_factor": 4
            },
            "num_embeddings": {
                "type": "LinearEmbeddings"
            }
        },
        "data": {
            "seed": 0,
            "num_policy": "noisy-quantile",
            "cache": true,
            "path": ":data/classif-num-medium-3-phoneme",
            "old": true
        },
        "optimizer": {
            "type": "AdamW",
            "lr": 2.320794010302052e-05,
            "weight_decay": 0.0
        }
    },
    "n_parameters": 7243978,
    "prediction_type": "probs",
    "metrics": {
        "train": {
            "0": {
                "precision": 0.9982486865148862,
                "recall": 0.9965034965034965,
                "f1-score": 0.9973753280839895,
                "support": 1144.0
            },
            "1": {
                "precision": 0.9962894248608535,
                "recall": 0.9981412639405205,
                "f1-score": 0.9972144846796658,
                "support": 1076.0
            },
            "accuracy": 0.9972972972972973,
            "macro avg": {
                "precision": 0.9972690556878698,
                "recall": 0.9973223802220085,
                "f1-score": 0.9972949063818277,
                "support": 2220.0
            },
            "weighted avg": {
                "precision": 0.9972990623978866,
                "recall": 0.9972972972972973,
                "f1-score": 0.9972973697492811,
                "support": 2220.0
            },
            "cross-entropy": 0.019967379548901685,
            "roc-auc": 0.9999480073829515,
            "score": 0.9972972972972973
        },
        "val": {
            "0": {
                "precision": 0.92,
                "recall": 0.8712121212121212,
                "f1-score": 0.8949416342412452,
                "support": 132.0
            },
            "1": {
                "precision": 0.89375,
                "recall": 0.934640522875817,
                "f1-score": 0.9137380191693291,
                "support": 153.0
            },
            "accuracy": 0.9052631578947369,
            "macro avg": {
                "precision": 0.9068750000000001,
                "recall": 0.9029263220439692,
                "f1-score": 0.9043398267052871,
                "support": 285.0
            },
            "weighted avg": {
                "precision": 0.9059078947368422,
                "recall": 0.9052631578947369,
                "f1-score": 0.9050323250973745,
                "support": 285.0
            },
            "cross-entropy": 0.32227653855667865,
            "roc-auc": 0.9536789463260053,
            "score": 0.9052631578947369
        },
        "test": {
            "0": {
                "precision": 0.8851351351351351,
                "recall": 0.8451612903225807,
                "f1-score": 0.8646864686468647,
                "support": 310.0
            },
            "1": {
                "precision": 0.8706199460916442,
                "recall": 0.9047619047619048,
                "f1-score": 0.8873626373626373,
                "support": 357.0
            },
            "accuracy": 0.8770614692653673,
            "macro avg": {
                "precision": 0.8778775406133896,
                "recall": 0.8749615975422427,
                "f1-score": 0.876024553004751,
                "support": 667.0
            },
            "weighted avg": {
                "precision": 0.8773661359019622,
                "recall": 0.8770614692653673,
                "f1-score": 0.8768234884842424,
                "support": 667.0
            },
            "cross-entropy": 0.42958597730472775,
            "roc-auc": 0.936911538809072,
            "score": 0.8770614692653673
        }
    },
    "zero-shot-metrics": {
        "val": {
            "0": {
                "precision": 0.92,
                "recall": 0.8712121212121212,
                "f1-score": 0.8949416342412452,
                "support": 132.0
            },
            "1": {
                "precision": 0.89375,
                "recall": 0.934640522875817,
                "f1-score": 0.9137380191693291,
                "support": 153.0
            },
            "accuracy": 0.9052631578947369,
            "macro avg": {
                "precision": 0.9068750000000001,
                "recall": 0.9029263220439692,
                "f1-score": 0.9043398267052871,
                "support": 285.0
            },
            "weighted avg": {
                "precision": 0.9059078947368422,
                "recall": 0.9052631578947369,
                "f1-score": 0.9050323250973745,
                "support": 285.0
            },
            "cross-entropy": 0.28671549928759354,
            "roc-auc": 0.9498415527827292,
            "score": 0.9052631578947369
        },
        "test": {
            "0": {
                "precision": 0.8947368421052632,
                "recall": 0.8225806451612904,
                "f1-score": 0.8571428571428571,
                "support": 310.0
            },
            "1": {
                "precision": 0.856020942408377,
                "recall": 0.9159663865546218,
                "f1-score": 0.8849797023004059,
                "support": 357.0
            },
            "accuracy": 0.8725637181409296,
            "macro avg": {
                "precision": 0.8753788922568201,
                "recall": 0.8692735158579561,
                "f1-score": 0.8710612797216315,
                "support": 667.0
            },
            "weighted avg": {
                "precision": 0.8740148388192236,
                "recall": 0.8725637181409296,
                "f1-score": 0.872042038134229,
                "support": 667.0
            },
            "cross-entropy": 0.3150227804353059,
            "roc-auc": 0.9440995753139965,
            "score": 0.8725637181409296
        }
    },
    "train": {
        "metrics": {
            "val": {
                "0": {
                    "precision": 0.9274193548387096,
                    "recall": 0.8712121212121212,
                    "f1-score": 0.8984375,
                    "support": 132.0
                },
                "1": {
                    "precision": 0.8944099378881988,
                    "recall": 0.9411764705882353,
                    "f1-score": 0.9171974522292994,
                    "support": 153.0
                },
                "accuracy": 0.9087719298245615,
                "macro avg": {
                    "precision": 0.9109146463634542,
                    "recall": 0.9061942959001783,
                    "f1-score": 0.9078174761146497,
                    "support": 285.0
                },
                "weighted avg": {
                    "precision": 0.9096985099494879,
                    "recall": 0.9087719298245615,
                    "f1-score": 0.9085086322494135,
                    "support": 285.0
                },
                "cross-entropy": 0.31791011133836555,
                "roc-auc": 0.9549663299663299,
                "score": 0.9087719298245615
            },
            "train": {}
        },
        "best_step": 110
    },
    "time": "0:00:27.806056",
    "chunk_size": null,
    "eval_batch_size": 4096
}
